"email,name,surname,date_of_birth,nationality,username,favorite_team,favorite_driver,password"
"user1@example.com,John,Doe,1990-05-15,USA,johndoe,Mercedes,Lewis Hamilton,securepass1"
"user2@example.com,Jane,Smith,1985-08-23,UK,janesmith,RedBull,Max Verstappen,pass1234"
"user3@example.com,Michael,Johnson,1988-11-30,Germany,michaelj,McLaren,Lando Norris,password123"
"user4@example.com,Emily,Williams,1992-03-18,France,emilyw,Ferrari,Charles Leclerc,userpass456"
"user5@example.com,David,Brown,1983-07-05,Italy,davidb,Alpine F1 Team,Carlos Sainz,secretword78"
"user6@example.com,Amy,Miller,1995-02-12,Spain,amym,Alfa Romeo,Pierre Gasly,testpass789"
"user7@example.com,Chris,Clark,1987-09-28,USA,chrisclark,Aston Martin,Esteban Ocon,secure123pass"
"user8@example.com,Sophie,Turner,1993-06-20,Canada,sophiet,AlphaTauri,Fernando Alonso,pass3456word"
"user9@example.com,Ryan,White,1984-04-10,Australia,ryanw,Haas F1 Team,Lance Stroll,securepass789"
"user10@example.com,Megan,Smith,1998-01-25,Japan,megans,Williams,Daniel Ricciardo,testpass456"
"user11@example.com,Brian,Young,1991-07-03,Finland,briany,Alfa Romeo,Yuki Tsunoda,pass789word"
"user12@example.com,Katie,Evans,1989-12-08,Brazil,katiee,Aston Martin,Kevin Magnussen,userpass123"
"user13@example.com,Mark,Anderson,1986-10-14,Netherlands,marka,RedBull,Nico Hülkenberg,password456"
"user14@example.com,Laura,Green,1994-04-02,Thailand,laurag,Ferrari,Alexander Albon,secureword789"
"user15@example.com,Joshua,Taylor,1982-08-19,Denmark,josht,McLaren,Logan Sargeant,test456pass"
"user16@example.com,Natalie,Ward,1997-03-26,Russia,nataliew,Mercedes,Guanyu Zhou,pass789word"
"user17@example.com,Brandon,Knight,1990-11-11,Spain,brandonk,AlphaTauri,Valtteri Bottas,securepass123"
"user18@example.com,Amanda,Cruz,1985-06-15,Italy,amandac,Aston Martin,Lewis Hamilton,testpass456"
"user19@example.com,Patrick,Reyes,1993-02-09,France,patrickr,Williams,George Russell,password789"
"user20@example.com,Mia,Hernandez,1988-09-03,Germany,miah,Alpine F1 Team,Sergio Pérez,secureword123"
"user21@example.com,Scott,Barnes,1996-05-28,UK,scottb,Haas F1 Team,Lando Norris,test456pass"
"user22@example.com,Jessica,King,1984-12-14,Canada,jessicak,McLaren,Oscar Piastri,pass789word"
"user23@example.com,Andrew,Fisher,1987-07-22,USA,andrewf,RedBull,Charles Leclerc,securepass123"
"user24@example.com,Lauren,Scott,1991-03-05,Spain,laurens,Mercedes,Carlos Sainz,test456pass"
"user25@example.com,Steven,Wilson,1989-10-01,Australia,stevenw,AlphaTauri,Pierre Gasly,password789"
"user26@example.com,Kelly,Hill,1994-06-18,Japan,kellyh,Aston Martin,Esteban Ocon,secureword123"
"user27@example.com,Chris,Parker,1983-01-10,Brazil,chrisp,Williams,Fernando Alonso,testpass456"
"user28@example.com,Sara,Turner,1986-08-27,Canada,sarat,Alpine F1 Team,Lance Stroll,password789"
"user29@example.com,Justin,Cole,1990-04-13,Netherlands,justinc,Haas F1 Team,Daniel Ricciardo,secureword123"
"user30@example.com,Emily,Brooks,1995-09-08,Finland,emilyb,Alfa Romeo,Yuki Tsunoda,test456pass"
"user31@example.com,Jason,Reed,1982-02-24,Brazil,jasonr,RedBull,Kevin Magnussen,password789"
"user32@example.com,Kim,Baker,1998-07-17,Australia,kimb,Mercedes,Nico Hülkenberg,securepass123"
"user33@example.com,Victoria,Hansen,1989-12-02,Germany,victoriah,AlphaTauri,Alexander Albon,test456pass"
"user34@example.com,Eric,Fleming,1984-05-16,Canada,ericf,McLaren,Logan Sargeant,password789"
"user35@example.com,Nina,Castro,1993-10-11,UK,ninac,Alpine F1 Team,Guanyu Zhou,secureword123"
"user36@example.com,Daniel,Williams,1987-03-28,Spain,danielw,Aston Martin,Valtteri Bottas,test456pass"
"user37@example.com,Michelle,Hall,1992-08-14,Italy,michelleh,Ferrari,Lewis Hamilton,password789"
"user38@example.com,Blake,Martin,1986-01-30,Japan,blakem,Williams,George Russell,securepass123"
"user39@example.com,Susan,Clark,1995-06-25,Canada,susanc,AlphaTauri,Sergio Pérez,test456pass"
"user40@example.com,Matt,Young,1989-11-18,Spain,matty,Haas F1 Team,Lando Norris,password789"
"user41@example.com,Caroline,Miller,1984-04-05,UK,carolinem,RedBull,Oscar Piastri,secureword123"
"user42@example.com,Tyler,Gibson,1990-09-20,Australia,tylerg,Mercedes,Charles Leclerc,test456pass"
"user43@example.com,Lindsay,Ward,1993-02-13,USA,lindsayw,Alfa Romeo,Carlos Sainz,password789"
"user44@example.com,Randy,James,1986-07-07,Spain,randyj,Aston Martin,Pierre Gasly,securepass123"
"user45@example.com,Monica,Hernandez,1991-12-23,Germany,monicah,McLaren,Esteban Ocon,test456pass"
"user46@example.com,Gary,Brown,1985-05-09,Canada,garyb,AlphaTauri,Fernando Alonso,password789"
"user47@example.com,Heather,Cruz,1996-10-04,Italy,heatherc,Williams,Lance Stroll,secureword123"
"user48@example.com,Steve,Reyes,1983-03-19,UK,stever,Haas F1 Team,Daniel Ricciardo,test456pass"
"user49@example.com,Anna,Wilson,1988-08-15,USA,annaw,RedBull,Yuki Tsunoda,password789"
"user50@example.com,Sean,Turner,1994-01-28,Canada,seant,Mercedes,Kevin Magnussen,securepass123"
"user51@example.com,Olivia,Adams,1992-09-16,France,oliviaa,Alpine F1 Team,Esteban Ocon,test123pass"
"user52@example.com,Tim,Clarkson,1986-04-03,Spain,timc,RedBull,Lando Norris,pass321word"
"user53@example.com,Isabel,Fisher,1995-11-28,Germany,isabelf,Aston Martin,Daniel Ricciardo,securepass456"
"user54@example.com,Ben,Knight,1988-06-10,Italy,benk,Haas F1 Team,George Russell,password321"
"user55@example.com,Grace,Taylor,1991-01-25,UK,gracet,Williams,Sergio Pérez,testpass123"
"user56@example.com,Evan,Harrison,1984-07-12,USA,evanh,McLaren,Max Verstappen,secure321word"
"user57@example.com,Carla,Baker,1989-02-19,Spain,carlab,AlphaTauri,Charles Leclerc,pass123word"
"user58@example.com,Jason,Morris,1994-05-08,Canada,jasonm,Ferrari,Pierre Gasly,secureword321"
"user59@example.com,Kelly,Gonzalez,1998-10-02,France,kellyg,Alfa Romeo,Carlos Sainz,password123word"
"user60@example.com,Richard,Miller,1987-12-15,Italy,richardm,Mercedes,Lewis Hamilton,test321pass"
"user61@example.com,Mia,Jackson,1990-08-30,Spain,miaj,RedBull,Max Verstappen,securepass123"
"user62@example.com,Connor,Evans,1993-03-17,UK,connore,AlphaTauri,Lando Norris,pass321word"
"user63@example.com,Linda,Gibson,1986-06-22,Australia,lindag,Williams,Oscar Piastri,test123pass"
"user64@example.com,Keith,Young,1991-11-11,Japan,keithy,Haas F1 Team,Charles Leclerc,secureword321"
"user65@example.com,Sandy,Williams,1996-04-28,Germany,sandyw,McLaren,Lando Norris,password123word"
"user66@example.com,Randy,Clark,1982-09-14,USA,randyc,Aston Martin,Esteban Ocon,test321pass"
"user67@example.com,Lori,Martinez,1985-02-08,Canada,lorim,Mercedes,Fernando Alonso,secureword123"
"user68@example.com,Brian,Fisher,1994-07-03,Spain,brianf,Alpine F1 Team,Lance Stroll,pass123word"
"user69@example.com,Amanda,Turner,1988-12-18,UK,amandat,RedBull,Daniel Ricciardo,secure321pass"
"user70@example.com,Tony,Hernandez,1990-05-03,Australia,tonyh,AlphaTauri,Yuki Tsunoda,password123word"
"user71@example.com,Jessica,Hall,1995-10-28,Italy,jessicah,Williams,Kevin Magnussen,secureword321"
"user72@example.com,Kevin,Cruz,1989-03-15,France,kevinc,McLaren,Nico Hülkenberg,pass123word"
"user73@example.com,Lisa,Barnes,1984-06-10,Spain,lisab,Alfa Romeo,Alexander Albon,secure321pass"
"user74@example.com,Dave,Fleming,1992-11-25,USA,davef,Aston Martin,Logan Sargeant,password123word"
"user75@example.com,Susan,Smith,1987-04-12,Canada,susans,Haas F1 Team,Guanyu Zhou,test321pass"
"user76@example.com,Alan,Wilson,1983-09-05,Japan,alanw,RedBull,Valtteri Bottas,secureword123"
"user77@example.com,Karen,Reed,1998-02-20,Germany,karenr,Mercedes,Lewis Hamilton,pass123word"
"user78@example.com,Chris,Kelly,1986-07-15,Australia,chrisk,AlphaTauri,George Russell,secure321pass"
"user79@example.com,Holly,Martin,1991-12-10,Spain,hollym,Alpine F1 Team,Sergio Pérez,password123word"
"user80@example.com,Michael,Jackson,1995-05-28,Canada,michaelj,Williams,Max Verstappen,secureword321"
"user81@example.com,Sara,Evans,1982-10-03,France,sarae,McLaren,Oscar Piastri,pass123word"
"user82@example.com,George,Knight,1989-03-18,UK,georgek,RedBull,Charles Leclerc,secure321pass"
"user83@example.com,Emily,Hall,1994-08-23,Japan,emilyh,AlphaTauri,Carlos Sainz,password123word"
"user84@example.com,John,Cruz,1987-01-15,Australia,johnc,Aston Martin,Pierre Gasly,secureword321"
"user85@example.com,Mia,Morris,1992-06-20,Spain,miam,Haas F1 Team,Esteban Ocon,pass123word"
"user86@example.com,Richard,Turner,1984-11-02,Canada,richardt,Alpine F1 Team,Fernando Alonso,secure321pass"
"user87@example.com,Laura,Ward,1988-04-17,Germany,lauraw,Mercedes,Lance Stroll,password123word"
"user88@example.com,Jason,Gonzalez,1993-09-08,Italy,jasong,RedBull,Daniel Ricciardo,secureword321"
"user89@example.com,Kelly,Reyes,1996-02-14,USA,kellyr,AlphaTauri,Yuki Tsunoda,pass123word"
"user90@example.com,Ryan,Miller,1981-07-29,UK,ryanm,Williams,Kevin Magnussen,secure321pass"
"user91@example.com,Emily,Fisher,1986-12-24,Japan,emilyf,McLaren,Nico Hülkenberg,password123word"
"user92@example.com,Kevin,Clark,1995-05-18,Spain,kevinc,Alfa Romeo,Alexander Albon,secureword321"
"user93@example.com,Susan,Gibson,1989-10-11,Australia,susang,Aston Martin,Logan Sargeant,pass123word"
"user94@example.com,Daniel,Williams,1982-03-06,Germany,danielw,Haas F1 Team,Guanyu Zhou,secure321pass"
"user95@example.com,Linda,Hernandez,1997-08-31,USA,lindah,RedBull,Valtteri Bottas,password123word"
"user96@example.com,John,Cruz,1984-02-14,Canada,johnc,Mercedes,Lewis Hamilton,secureword321"
"user97@example.com,Mia,Wilson,1987-07-09,Italy,miaj,AlphaTauri,George Russell,pass123word"
"user98@example.com,Chris,Martinez,1990-12-12,Spain,chrisma,McLaren,Sergio Pérez,secure321pass"
"user99@example.com,Anna,Hall,1993-05-28,UK,annah,Williams,Max Verstappen,password123word"
"user100@example.com,David,Reed,1998-10-03,Japan,davidr,Alpine F1 Team,Oscar Piastri,secureword321"
"user101@example.com,Steven,Hall,1983-11-16,France,stevenh,AlphaTauri,Lando Norris,testpass789"
"user102@example.com,Emily,Brooks,1986-06-02,Spain,emilyb,McLaren,Oscar Piastri,secureword456"
"user103@example.com,Chris,Turner,1990-01-19,Germany,christ,RedBull,George Russell,password789word"
"user104@example.com,Sara,Morris,1994-04-14,Italy,saram,Alpine F1 Team,Lance Stroll,testword456"
"user105@example.com,John,Clark,1987-09-09,UK,johnc,Williams,Fernando Alonso,securepass789"
"user106@example.com,Lisa,Williams,1991-02-24,Spain,lisaw,Haas F1 Team,Carlos Sainz,password456word"
"user107@example.com,Michael,Fisher,1996-07-18,Australia,michaelf,Mercedes,Lewis Hamilton,test789pass"
"user108@example.com,Amanda,Jackson,1982-12-03,Japan,amandaj,AlphaTauri,Sergio Pérez,secureword456"
"user109@example.com,Brian,Evans,1989-05-28,France,briane,Aston Martin,Lando Norris,password789word"
"user110@example.com,Karen,Turner,1993-10-13,Germany,karent,RedBull,Oscar Piastri,testword456"
"user111@example.com,Randy,Miller,1986-03-08,Italy,randym,McLaren,Max Verstappen,securepass789"
"user112@example.com,Mia,Gibson,1990-08-31,Spain,miag,Alpine F1 Team,Charles Leclerc,password456word"
"user113@example.com,Chris,Knight,1995-01-16,USA,chrisk,Williams,Pierre Gasly,test789pass"
"user114@example.com,Susan,Clark,1988-06-20,Canada,susanc,Haas F1 Team,Daniel Ricciardo,secureword456"
"user115@example.com,Patrick,Reyes,1992-11-05,UK,patrickr,AlphaTauri,Esteban Ocon,password789word"
"user116@example.com,Jessica,Martin,1984-04-22,Italy,jessicam,Aston Martin,Lewis Hamilton,testword456"
"user117@example.com,Kelly,Baker,1989-09-15,Spain,kellyb,McLaren,Valtteri Bottas,securepass789"
"user118@example.com,George,Cruz,1994-02-10,Canada,georgec,RedBull,Lando Norris,password456word"
"user119@example.com,Laura,Ward,1987-07-26,USA,lauraw,Alpine F1 Team,Carlos Sainz,test789pass"
"user120@example.com,Jason,Fleming,1998-12-21,Germany,jasonf,Mercedes,George Russell,secureword456"
"user121@example.com,Katie,Cruz,1983-05-04,Italy,katiec,Aston Martin,Lance Stroll,password789word"
"user122@example.com,Chris,Hall,1986-10-29,Canada,chrish,Williams,Max Verstappen,testword456"
"user123@example.com,Nina,Brown,1991-03-14,Spain,ninab,AlphaTauri,Oscar Piastri,securepass789"
"user124@example.com,Alan,Wilson,1995-08-09,UK,alanw,RedBull,Charles Leclerc,password456word"
"user125@example.com,Amy,Gonzalez,1982-01-24,Australia,amyg,Haas F1 Team,Sergio Pérez,test789pass"
"user126@example.com,Tim,Miller,1987-06-17,Japan,timm,McLaren,Esteban Ocon,secureword456"
"user127@example.com,Olivia,Turner,1992-11-12,France,oliviat,AlphaTauri,Fernando Alonso,password789word"
"user128@example.com,David,Gibson,1996-04-07,Italy,davidg,Williams,Lando Norris,testword456"
"user129@example.com,Karen,Cruz,1981-09-30,Spain,karenc,Aston Martin,Pierre Gasly,securepass789"
"user130@example.com,Andrew,Ward,1984-02-15,UK,andreww,RedBull,Daniel Ricciardo,password456word"
"user131@example.com,Lisa,Martin,1989-07-10,Germany,lisam,Alpine F1 Team,Valtteri Bottas,test789pass"
"user132@example.com,Scott,Hall,1993-12-05,Italy,scotth,McLaren,Lewis Hamilton,secureword456"
"user133@example.com,Mia,Fisher,1986-05-20,USA,miaf,Mercedes,Max Verstappen,password789word"
"user134@example.com,Chris,Evans,1991-10-15,Canada,chrise,AlphaTauri,Charles Leclerc,testword456"
"user135@example.com,Emily,Clark,1994-03-08,Spain,emilyc,Williams,Pierre Gasly,securepass789"
"user136@example.com,George,Turner,1988-08-31,France,georget,Haas F1 Team,Sergio Pérez,password456word"
"user137@example.com,Amanda,Hernandez,1995-01-16,Italy,amandah,RedBull,Lando Norris,test789pass"
"user138@example.com,Michael,Cruz,1982-06-20,Spain,michaelc,McLaren,Oscar Piastri,secureword456"
"user139@example.com,Linda,Miller,1987-11-05,UK,lindam,AlphaTauri,Esteban Ocon,password789word"
"user140@example.com,Kevin,Baker,1992-04-20,Australia,kevinb,Williams,George Russell,testword456"
"user141@example.com,Sara,Knight,1985-09-15,Germany,sarak,Mercedes,Carlos Sainz,securepass789"
"user142@example.com,Chris,Hall,1990-02-10,Italy,chrish,Alpine F1 Team,Lance Stroll,password456word"
"user143@example.com,Karen,Wilson,1996-07-26,Spain,karenw,Aston Martin,Daniel Ricciardo,test789pass"
"user144@example.com,Brian,Turner,1981-12-21,Canada,briant,RedBull,Valtteri Bottas,secureword456"
"user145@example.com,Emily,Ward,1984-05-04,UK,emilyw,McLaren,Lewis Hamilton,password789word"
"user146@example.com,George,Gibson,1989-10-29,France,georgeg,Haas F1 Team,Max Verstappen,testword456"
"user147@example.com,Michelle,Morris,1991-03-14,Spain,michellem,Williams,Oscar Piastri,securepass789"
"user148@example.com,David,Wilson,1995-08-09,Italy,davidw,AlphaTauri,Charles Leclerc,password456word"
"user149@example.com,Susan,Gonzalez,1982-01-24,Australia,susang,RedBull,Pierre Gasly,test789pass"
"user150@example.com,Chris,Martin,1987-06-17,Japan,chrism,McLaren,Sergio Pérez,secureword456"
"user151@example.com,Sara,Wilson,1983-11-06,UK,saraw,RedBull,George Russell,secureword987"
"user152@example.com,John,Hernandez,1986-04-21,Spain,johnh,Alpine F1 Team,Sergio Pérez,test987pass"
"user153@example.com,Emily,Morris,1990-01-14,Germany,emilym,Williams,Max Verstappen,password987word"
"user154@example.com,Karen,Evans,1994-04-09,Italy,karene,Aston Martin,Lando Norris,secureword987"
"user155@example.com,Chris,Clarkson,1987-09-04,USA,chriscl,AlphaTauri,Fernando Alonso,test987pass"
"user156@example.com,Mia,Brown,1991-02-19,Canada,miab,McLaren,Lewis Hamilton,password987word"
"user157@example.com,David,Knight,1996-07-13,Japan,davidk,RedBull,Valtteri Bottas,secureword987"
"user158@example.com,Lisa,Gibson,1982-12-28,Australia,lisag,Mercedes,Pierre Gasly,test987pass"
"user159@example.com,George,Wilson,1989-06-03,France,georgew,Haas F1 Team,Esteban Ocon,password987word"
"user160@example.com,Susan,Baker,1993-11-28,Germany,susanb,AlphaTauri,Daniel Ricciardo,secureword987"
"user161@example.com,Kevin,Turner,1986-04-23,Italy,kevint,McLaren,Oscar Piastri,test987pass"
"user162@example.com,Linda,Miller,1990-09-15,Spain,lindam,Alpine F1 Team,Lando Norris,password987word"
"user163@example.com,Jason,Knight,1995-02-10,USA,jasonk,Williams,George Russell,secureword987"
"user164@example.com,Amanda,Ward,1988-07-05,Canada,amandaw,Aston Martin,Lewis Hamilton,test987pass"
"user165@example.com,Patrick,Clark,1992-11-30,UK,patrickc,RedBull,Max Verstappen,password987word"
"user166@example.com,Emily,Fisher,1984-04-15,Italy,emilyf,AlphaTauri,Charles Leclerc,secureword987"
"user167@example.com,Brian,Gonzalez,1989-09-09,Spain,briang,McLaren,Sergio Pérez,test987pass"
"user168@example.com,Karen,Miller,1994-02-24,Australia,karenm,Williams,Oscar Piastri,password987word"
"user169@example.com,Andrew,Hall,1981-07-19,France,andrewh,Aston Martin,Lance Stroll,secureword987"
"user170@example.com,Lisa,Barnes,1990-12-02,Germany,lisab,Mercedes,Daniel Ricciardo,test987pass"
"user171@example.com,Chris,Cruz,1995-05-18,Italy,chrisc,RedBull,Valtteri Bottas,password987word"
"user172@example.com,Susan,Hernandez,1982-10-13,USA,susanh,Haas F1 Team,George Russell,secureword987"
"user173@example.com,George,Morris,1987-03-08,Canada,georgem,AlphaTauri,Sergio Pérez,test987pass"
"user174@example.com,Kelly,Wilson,1992-08-31,Spain,kellyw,Aston Martin,Lando Norris,password987word"
"user175@example.com,Brian,Hall,1997-01-16,UK,brianh,McLaren,Fernando Alonso,secureword987"
"user176@example.com,Lisa,Gonzalez,1984-06-20,Australia,lisago,Williams,Esteban Ocon,test987pass"
"user177@example.com,Jason,Miller,1989-11-05,France,jasonm,AlphaTauri,Carlos Sainz,password987word"
"user178@example.com,Sara,Baker,1985-04-22,Italy,sarab,RedBull,Pierre Gasly,secureword987"
"user179@example.com,Chris,Turner,1990-09-15,Spain,christ,Mercedes,Lewis Hamilton,test987pass"
"user180@example.com,Mia,Gibson,1983-02-20,UK,miag,Haas F1 Team,Max Verstappen,password987word"
"user181@example.com,David,Wilson,1986-07-26,France,davidw,Alpine F1 Team,Oscar Piastri,secureword987"
"user182@example.com,Emily,Fisher,1991-12-21,Japan,emilyf,McLaren,Charles Leclerc,test987pass"
"user183@example.com,George,Clark,1987-05-14,USA,georgec,Aston Martin,Lance Stroll,password987word"
"user184@example.com,Susan,Hall,1992-10-29,Canada,susanh,RedBull,Daniel Ricciardo,secureword987"
"user185@example.com,Chris,Ward,1996-03-08,Spain,chrisw,AlphaTauri,Valtteri Bottas,test987pass"
"user186@example.com,Karen,Morris,1981-08-31,Australia,karenm,Williams,Esteban Ocon,password987word"
"user187@example.com,Andrew,Turner,1984-01-24,UK,andrewt,McLaren,Sergio Pérez,secureword987"
"user188@example.com,Lisa,Gonzalez,1989-06-17,France,lisago,Alpine F1 Team,Lando Norris,test987pass"
"user189@example.com,George,Smith,1994-11-12,Italy,georges,Mercedes,Carlos Sainz,password987word"
"user190@example.com,Karen,Miller,1985-04-05,Spain,karenm,RedBull,Lewis Hamilton,secureword987"
"user191@example.com,Chris,Evans,1990-08-30,UK,chrise,AlphaTauri,George Russell,test987pass"
"user192@example.com,Susan,Morris,1986-01-15,Australia,susanm,Aston Martin,Sergio Pérez,password987word"
"user193@example.com,Andrew,Hall,1991-06-20,France,andrewh,Williams,Lance Stroll,secureword987"
"user194@example.com,Lisa,Wilson,1982-11-05,Canada,lisaw,Haas F1 Team,Esteban Ocon,test987pass"
"user195@example.com,George,Gibson,1997-04-20,Spain,georgeg,RedBull,Daniel Ricciardo,password987word"
"user196@example.com,Kelly,Ward,1983-09-15,Italy,kellyw,McLaren,Valtteri Bottas,secureword987"
"user197@example.com,Chris,Hernandez,1988-02-10,UK,chrish,AlphaTauri,Fernando Alonso,test987pass"
"user198@example.com,Lisa,Wilson,1993-07-05,USA,lisaw,Mercedes,Lewis Hamilton,password987word"
"user199@example.com,George,Hall,1982-12-21,Canada,georgeh,Aston Martin,Lando Norris,secureword987"
"user200@example.com,Susan,Clark,1987-05-04,Spain,susanc,RedBull,Max Verstappen,test987pass"
